{
    "fast_majority_vote": {
        "0": [],
        "1": [
            0.9375,
            0.75,
            0.5625,
            0.9333333333333333,
            1.0,
            1.0,
            0.5967741935483871,
            1.0,
            0.9523809523809523,
            0.9523809523809523,
            0.5555555555555556,
            0.5,
            0.5,
            0.9285714285714286,
            0.5833333333333334,
            0.6538461538461539,
            0.9545454545454546,
            0.5,
            0.625,
            1.0,
            0.5,
            0.8
        ],
        "2": [
            0.9375,
            0.7037037037037037,
            0.5416666666666666,
            0.9222222222222222,
            0.5000000000000001,
            0.49999999999999994,
            0.6451612903225804,
            0.5,
            0.898550724637681,
            0.9365079365079364,
            0.5384615384615384,
            0.3968253968253967,
            0.5000000000000001,
            0.487179487179487,
            0.46153846153846156,
            0.4666666666666666,
            0.9393939393939394,
            0.4074074074074075,
            0.5757575757575757,
            0.4999999999999999,
            0.4444444444444444,
            0.6666666666666667
        ],
        "3": [
            0.5,
            0.5833333333333334,
            0.5,
            0.7986111111111112,
            0.5,
            0.4375,
            0.6214285714285714,
            0.5,
            0.8804347826086957,
            0.8928571428571429,
            0.5384615384615384,
            0.4166666666666667,
            0.5,
            0.44642857142857145,
            0.45,
            0.425,
            0.7058823529411765,
            0.46875,
            0.5606060606060606,
            0.5,
            0.3611111111111111,
            0.4642857142857143
        ],
        "4": [
            0.4999999999999999,
            0.49090909090909096,
            0.4750000000000001,
            0.47540983606557374,
            0.49999999999999994,
            0.4,
            0.5942857142857143,
            0.5,
            0.8416666666666667,
            0.8636363636363636,
            0.4461538461538463,
            0.41269841269841273,
            0.4999999999999999,
            0.4000000000000001,
            0.44000000000000006,
            0.41904761904761917,
            0.6823529411764705,
            0.5333333333333332,
            0.4914285714285714,
            0.4999999999999999,
            0.3777777777777778,
            0.42500000000000004
        ],
        "5": [
            0.49999999999999994,
            0.5151515151515151,
            0.4583333333333333,
            0.47814207650273227,
            0.5151515151515151,
            0.41666666666666674,
            0.5000000000000001,
            0.5,
            0.8333333333333334,
            0.8125,
            0.3425925925925926,
            0.4126984126984127,
            0.49999999999999994,
            0.40476190476190466,
            0.4444444444444444,
            0.40476190476190477,
            0.6666666666666667,
            0.5523809523809525,
            0.4904761904761904,
            0.49999999999999994,
            0.40740740740740733,
            0.4375
        ],
        "6": [
            0.4999999999999999,
            0.4523809523809524,
            0.42857142857142855,
            0.4683840749414518,
            0.512987012987013,
            0.4285714285714285,
            0.5428571428571427,
            0.5,
            0.5150375939849623,
            0.5037593984962404,
            0.3492063492063492,
            0.40259740259740245,
            0.4999999999999999,
            0.39795918367346933,
            0.4464285714285714,
            0.40816326530612246,
            0.6554621848739496,
            0.5428571428571427,
            0.473469387755102,
            0.4999999999999999,
            0.42857142857142855
        ],
        "7": [
            0.4583333333333333,
            0.4375,
            0.4364754098360656,
            0.5113636363636364,
            0.40625,
            0.5,
            0.4868421052631579,
            0.5032894736842105,
            0.3125,
            0.40671641791044777,
            0.4609375,
            0.39285714285714285,
            0.4857142857142857,
            0.4375
        ],
        "8": [
            0.41127694859038133,
            0.5101010101010103,
            0.38888888888888895,
            0.4795321637426899,
            0.4795321637426899,
            0.4129353233830846,
            0.37037037037037035,
            0.37037037037037035
        ],
        "9": [
            0.4164179104477611,
            0.509090909090909,
            0.4164179104477611
        ],
        "10": [],
        "11": [],
        "TIMING": [
            0.9957923889160156,
            0.515519380569458,
            0.38832926750183105,
            2.989062547683716,
            1.16644287109375,
            0.22248196601867676,
            1.3321104049682617,
            0.38675689697265625,
            1.4683353900909424,
            1.4500818252563477,
            0.6721971035003662,
            3.6164913177490234,
            1.1067252159118652,
            0.5325698852539062,
            0.8374381065368652,
            0.9896597862243652,
            0.614962100982666,
            1.2609803676605225,
            1.5101628303527832,
            1.0094358921051025,
            0.5640125274658203,
            0.33615612983703613
        ]
    },
    "fast_majority_vote_new": {
        "0": [],
        "1": [
            0.9,
            0.8157894736842105,
            0.56,
            0.8831168831168831,
            0.9848484848484849,
            1.0,
            0.589041095890411,
            0.9230769230769231,
            0.967391304347826,
            0.9347826086956522,
            0.5454545454545454,
            0.5,
            0.5,
            0.8333333333333334,
            0.5925925925925926,
            0.6833333333333333,
            0.9166666666666666,
            0.5,
            0.6031746031746031,
            0.9814814814814815,
            0.5,
            0.6176470588235294
        ],
        "2": [
            0.8888888888888888,
            0.6933333333333334,
            0.5466666666666666,
            0.8874458874458875,
            0.49743589743589745,
            0.48717948717948717,
            0.6044444444444445,
            0.46913580246913583,
            0.8954248366013071,
            0.9166666666666666,
            0.4761904761904762,
            0.38509316770186336,
            0.49382716049382713,
            0.4471544715447155,
            0.4761904761904762,
            0.45283018867924524,
            0.9027777777777778,
            0.41520467836257313,
            0.5238095238095238,
            0.49382716049382713,
            0.41496598639455784,
            0.45098039215686275
        ],
        "3": [
            0.4863636363636364,
            0.5178571428571429,
            0.4351851851851852,
            0.8074712643678161,
            0.49242424242424243,
            0.46153846153846156,
            0.5702247191011236,
            0.4396551724137931,
            0.8632075471698113,
            0.8724489795918368,
            0.4785714285714286,
            0.4027777777777778,
            0.49074074074074076,
            0.3953488372093023,
            0.4305555555555556,
            0.4009433962264151,
            0.6944444444444444,
            0.44805194805194803,
            0.5227272727272727,
            0.48214285714285715,
            0.325,
            0.35
        ],